eta,mse_val
0.001,4.942045837420321
0.0001,4.95726137264788
1e-05,5.1731641785332485
0.01,5.448632190163373
0.1,21.49448836010536
0.2,
0.4,
1.0,
