eta,mse_val
1e-05,2.295008675114874
0.0001,2.6149999875045156
0.001,2.716748875461347
0.01,inf
0.1,
0.2,
0.4,
1.0,
