eta,mse_val
0.01,2706.6957345155306
0.0001,2723.4593413984558
0.001,2823.6924132061804
1e-05,5418.215206652514
0.1,9.94222070436545e+16
0.2,
0.4,
1.0,
