eta,h1,h2,fold,run,ce_val,acc_val
0.1,2.0,2.0,3.0,0.0,91.09340506612378,0.5
0.2,2.0,2.0,3.0,0.0,92.11651067446465,0.5
0.4,2.0,2.0,3.0,0.0,93.72700870980078,0.5
1.0,2.0,2.0,3.0,0.0,110.77633695728973,0.5
