fold,run,eta,h1,h2,mse_te
1,0,0.001,10.0,10.0,1.936150942234955
2,0,0.001,10.0,10.0,2.0977384659795475
3,0,0.001,10.0,10.0,2.0235135174778818
4,0,0.001,10.0,10.0,1.9808180207509738
5,0,0.001,10.0,10.0,
