fold,run,eta,h1,h2,mse_te
1,0,0.001,10.0,10.0,1.9413925130205016
2,0,0.001,10.0,10.0,2.0961580237770656
3,0,0.001,10.0,10.0,2.0230322471411517
4,0,0.001,10.0,10.0,1.9808703553721316
5,0,0.001,10.0,10.0,
