eta,mse_val
0.01,2375.43860047297
0.0001,2725.5206226889795
0.001,2781.4425937663514
1e-05,5418.849860143323
0.1,2.0146580677981453e+45
0.2,
0.4,
1.0,
