eta,mse_val
0.001,4.923442070812742
0.0001,4.957289515578841
1e-05,5.172959300711712
0.01,5.17935755342295
0.1,7.6513012963760305
0.2,
0.4,
1.0,
