dataset_name,fold,mse_te,best_eta
abalone,1,4.634962630807549,0.001
abalone,2,5.657178482805432,0.001
abalone,3,4.62391112845427,0.001
abalone,4,4.777789967581369,0.001
abalone,5,5.083786469022451,0.001
