eta,mse_val
1e-05,2.3021663322754167
0.0001,2.6150088927321264
0.001,2.695885615445441
0.01,inf
0.1,
0.2,
0.4,
1.0,
