eta,mse_val
0.001,5.250164818419761
0.0001,5.27677707627106
0.01,5.321432851942719
1e-05,5.647858321417655
0.1,7.82614983034815
0.2,
0.4,
1.0,
