eta,mse_val
0.01,3001.364529871583
0.0001,3201.576607705257
0.001,3245.331763156991
1e-05,5291.416015090335
0.1,2910173236.236928
0.2,
0.4,
1.0,
