problem_class,dataset_name,fold,best_eta,best_eta_iter,ce_te,acc_te
classification,car,1,0.001,499,260.77808948546357,0.8275862068965517
classification,car,2,0.001,499,246.62900269221743,0.8343023255813954
classification,car,3,0.001,499,253.77274371390982,0.8430232558139535
classification,car,4,0.001,499,289.64331065460794,0.8023255813953488
classification,car,5,0.001,499,259.2962190715173,0.8189655172413793
