dataset_name,fold,mse_te,best_eta
forestfires,1,1.8850526482013357,1e-05
forestfires,2,3.190480055371717,1e-05
forestfires,3,2.158561644734617,1e-05
forestfires,4,2.011150690417903,1e-05
forestfires,5,,1e-05
