problem_class,dataset_name,fold,best_eta,best_eta_iter,ce_te,acc_te
classification,house-votes-84,1,0.001,109,29.402082191287846,0.9318181818181818
classification,house-votes-84,2,0.001,109,13.16034384503402,0.9767441860465116
classification,house-votes-84,3,0.001,109,12.205017405692917,0.9767441860465116
classification,house-votes-84,4,0.001,109,20.17016833627776,0.9534883720930233
classification,house-votes-84,5,0.001,109,18.24784961776804,0.9662921348314607
