eta,mse_val
1e-05,1.9791259012105125
0.001,2.094587893755982
0.0001,2.0953377730658937
0.01,3.079995804634079
0.1,
0.2,
0.4,
1.0,
